PRAGMA foreign_keys=OFF;
BEGIN TRANSACTION;
CREATE TABLE IF NOT EXISTS "django_migrations" ("id" integer NOT NULL PRIMARY KEY AUTOINCREMENT, "app" varchar(255) NOT NULL, "name" varchar(255) NOT NULL, "applied" datetime NOT NULL);
INSERT INTO django_migrations VALUES(1,'contenttypes','0001_initial','2025-11-14 17:00:42.100819');
INSERT INTO django_migrations VALUES(2,'contenttypes','0002_remove_content_type_name','2025-11-14 17:00:42.110156');
INSERT INTO django_migrations VALUES(3,'auth','0001_initial','2025-11-14 17:00:42.126322');
INSERT INTO django_migrations VALUES(4,'auth','0002_alter_permission_name_max_length','2025-11-14 17:00:42.134041');
INSERT INTO django_migrations VALUES(5,'auth','0003_alter_user_email_max_length','2025-11-14 17:00:42.141449');
INSERT INTO django_migrations VALUES(6,'auth','0004_alter_user_username_opts','2025-11-14 17:00:42.148293');
INSERT INTO django_migrations VALUES(7,'auth','0005_alter_user_last_login_null','2025-11-14 17:00:42.154746');
INSERT INTO django_migrations VALUES(8,'auth','0006_require_contenttypes_0002','2025-11-14 17:00:42.158561');
INSERT INTO django_migrations VALUES(9,'auth','0007_alter_validators_add_error_messages','2025-11-14 17:00:42.166068');
INSERT INTO django_migrations VALUES(10,'auth','0008_alter_user_username_max_length','2025-11-14 17:00:42.173537');
INSERT INTO django_migrations VALUES(11,'auth','0009_alter_user_last_name_max_length','2025-11-14 17:00:42.180743');
INSERT INTO django_migrations VALUES(12,'auth','0010_alter_group_name_max_length','2025-11-14 17:00:42.188895');
INSERT INTO django_migrations VALUES(13,'auth','0011_update_proxy_permissions','2025-11-14 17:00:42.196758');
INSERT INTO django_migrations VALUES(14,'auth','0012_alter_user_first_name_max_length','2025-11-14 17:00:42.204150');
INSERT INTO django_migrations VALUES(15,'authentication','0001_initial','2025-11-14 17:00:42.219436');
INSERT INTO django_migrations VALUES(16,'admin','0001_initial','2025-11-14 17:00:42.232064');
INSERT INTO django_migrations VALUES(17,'admin','0002_logentry_remove_auto_add','2025-11-14 17:00:42.257095');
INSERT INTO django_migrations VALUES(18,'admin','0003_logentry_add_action_flag_choices','2025-11-14 17:00:42.269722');
INSERT INTO django_migrations VALUES(19,'sessions','0001_initial','2025-11-14 17:00:42.278346');
INSERT INTO django_migrations VALUES(20,'simulations','0001_initial','2025-11-14 22:18:52.274042');
CREATE TABLE IF NOT EXISTS "django_content_type" ("id" integer NOT NULL PRIMARY KEY AUTOINCREMENT, "app_label" varchar(100) NOT NULL, "model" varchar(100) NOT NULL);
INSERT INTO django_content_type VALUES(1,'admin','logentry');
INSERT INTO django_content_type VALUES(2,'auth','permission');
INSERT INTO django_content_type VALUES(3,'auth','group');
INSERT INTO django_content_type VALUES(4,'contenttypes','contenttype');
INSERT INTO django_content_type VALUES(5,'sessions','session');
INSERT INTO django_content_type VALUES(6,'authentication','customuser');
INSERT INTO django_content_type VALUES(7,'simulations','simulationconfiguration');
INSERT INTO django_content_type VALUES(8,'simulations','simulationfunction');
CREATE TABLE IF NOT EXISTS "auth_group_permissions" ("id" integer NOT NULL PRIMARY KEY AUTOINCREMENT, "group_id" integer NOT NULL REFERENCES "auth_group" ("id") DEFERRABLE INITIALLY DEFERRED, "permission_id" integer NOT NULL REFERENCES "auth_permission" ("id") DEFERRABLE INITIALLY DEFERRED);
CREATE TABLE IF NOT EXISTS "auth_permission" ("id" integer NOT NULL PRIMARY KEY AUTOINCREMENT, "content_type_id" integer NOT NULL REFERENCES "django_content_type" ("id") DEFERRABLE INITIALLY DEFERRED, "codename" varchar(100) NOT NULL, "name" varchar(255) NOT NULL);
INSERT INTO auth_permission VALUES(1,1,'add_logentry','Can add log entry');
INSERT INTO auth_permission VALUES(2,1,'change_logentry','Can change log entry');
INSERT INTO auth_permission VALUES(3,1,'delete_logentry','Can delete log entry');
INSERT INTO auth_permission VALUES(4,1,'view_logentry','Can view log entry');
INSERT INTO auth_permission VALUES(5,2,'add_permission','Can add permission');
INSERT INTO auth_permission VALUES(6,2,'change_permission','Can change permission');
INSERT INTO auth_permission VALUES(7,2,'delete_permission','Can delete permission');
INSERT INTO auth_permission VALUES(8,2,'view_permission','Can view permission');
INSERT INTO auth_permission VALUES(9,3,'add_group','Can add group');
INSERT INTO auth_permission VALUES(10,3,'change_group','Can change group');
INSERT INTO auth_permission VALUES(11,3,'delete_group','Can delete group');
INSERT INTO auth_permission VALUES(12,3,'view_group','Can view group');
INSERT INTO auth_permission VALUES(13,4,'add_contenttype','Can add content type');
INSERT INTO auth_permission VALUES(14,4,'change_contenttype','Can change content type');
INSERT INTO auth_permission VALUES(15,4,'delete_contenttype','Can delete content type');
INSERT INTO auth_permission VALUES(16,4,'view_contenttype','Can view content type');
INSERT INTO auth_permission VALUES(17,5,'add_session','Can add session');
INSERT INTO auth_permission VALUES(18,5,'change_session','Can change session');
INSERT INTO auth_permission VALUES(19,5,'delete_session','Can delete session');
INSERT INTO auth_permission VALUES(20,5,'view_session','Can view session');
INSERT INTO auth_permission VALUES(21,6,'add_customuser','Can add custom user');
INSERT INTO auth_permission VALUES(22,6,'change_customuser','Can change custom user');
INSERT INTO auth_permission VALUES(23,6,'delete_customuser','Can delete custom user');
INSERT INTO auth_permission VALUES(24,6,'view_customuser','Can view custom user');
INSERT INTO auth_permission VALUES(25,7,'add_simulationconfiguration','Can add simulation configuration');
INSERT INTO auth_permission VALUES(26,7,'change_simulationconfiguration','Can change simulation configuration');
INSERT INTO auth_permission VALUES(27,7,'delete_simulationconfiguration','Can delete simulation configuration');
INSERT INTO auth_permission VALUES(28,7,'view_simulationconfiguration','Can view simulation configuration');
INSERT INTO auth_permission VALUES(29,8,'add_simulationfunction','Can add simulation function');
INSERT INTO auth_permission VALUES(30,8,'change_simulationfunction','Can change simulation function');
INSERT INTO auth_permission VALUES(31,8,'delete_simulationfunction','Can delete simulation function');
INSERT INTO auth_permission VALUES(32,8,'view_simulationfunction','Can view simulation function');
CREATE TABLE IF NOT EXISTS "auth_group" ("id" integer NOT NULL PRIMARY KEY AUTOINCREMENT, "name" varchar(150) NOT NULL UNIQUE);
CREATE TABLE IF NOT EXISTS "auth_user" ("id" integer NOT NULL PRIMARY KEY AUTOINCREMENT, "password" varchar(128) NOT NULL, "last_login" datetime NULL, "is_superuser" bool NOT NULL, "username" varchar(150) NOT NULL UNIQUE, "first_name" varchar(150) NOT NULL, "last_name" varchar(150) NOT NULL, "is_staff" bool NOT NULL, "is_active" bool NOT NULL, "bio" text NOT NULL, "profile_picture" varchar(100) NULL, "date_joined" datetime NOT NULL, "email" varchar(254) NOT NULL UNIQUE);
INSERT INTO auth_user VALUES(1,'pbkdf2_sha256$1000000$VZxP3pARxpBJ7iSX7Zv6i8$vKxFJK0dqf44Si8pSqRm+/X06KMExc71yfDv3jUKS6g=','2025-11-18 15:04:35.338505',1,'admin','','',1,1,'','','2025-11-14 17:01:40.173179','admin@gmail.com');
INSERT INTO auth_user VALUES(2,'pbkdf2_sha256$1000000$7NRfz5XhN5TuhiM8tuiAlx$/VKwoEJ15PrNlI4iHMN9qVkLl9LdXGslMw6DuWqPFB0=',NULL,0,'adCav','','',0,1,'','','2025-11-14 17:09:05.845284','');
INSERT INTO auth_user VALUES(3,'pbkdf2_sha256$1000000$Wi0MQ5hz6vCjgmM0E6Wxak$N5Z6F93Q92bfl3oCOEtFkSGgy33ZacmDyot0wFN7TZk=',NULL,0,'DD06','Divyansh','Dwivedi',0,1,'','','2025-11-14 17:30:46.839532','dd06@gmail.com');
CREATE TABLE IF NOT EXISTS "auth_user_groups" ("id" integer NOT NULL PRIMARY KEY AUTOINCREMENT, "customuser_id" bigint NOT NULL REFERENCES "auth_user" ("id") DEFERRABLE INITIALLY DEFERRED, "group_id" integer NOT NULL REFERENCES "auth_group" ("id") DEFERRABLE INITIALLY DEFERRED);
CREATE TABLE IF NOT EXISTS "auth_user_user_permissions" ("id" integer NOT NULL PRIMARY KEY AUTOINCREMENT, "customuser_id" bigint NOT NULL REFERENCES "auth_user" ("id") DEFERRABLE INITIALLY DEFERRED, "permission_id" integer NOT NULL REFERENCES "auth_permission" ("id") DEFERRABLE INITIALLY DEFERRED);
CREATE TABLE IF NOT EXISTS "django_admin_log" ("id" integer NOT NULL PRIMARY KEY AUTOINCREMENT, "object_id" text NULL, "object_repr" varchar(200) NOT NULL, "action_flag" smallint unsigned NOT NULL CHECK ("action_flag" >= 0), "change_message" text NOT NULL, "content_type_id" integer NULL REFERENCES "django_content_type" ("id") DEFERRABLE INITIALLY DEFERRED, "user_id" bigint NOT NULL REFERENCES "auth_user" ("id") DEFERRABLE INITIALLY DEFERRED, "action_time" datetime NOT NULL);
INSERT INTO django_admin_log VALUES(1,'2','adCav',1,'[{"added": {}}]',6,1,'2025-11-14 17:09:06.435943');
INSERT INTO django_admin_log VALUES(2,'5','sin - Sine Wave + tan wave',3,'',8,1,'2025-11-14 23:15:48.151221');
CREATE TABLE IF NOT EXISTS "django_session" ("session_key" varchar(40) NOT NULL PRIMARY KEY, "session_data" text NOT NULL, "expire_date" datetime NOT NULL);
INSERT INTO django_session VALUES('a68mts79rk0nztiacp8ud8v94pyhxylc','.eJxVjEEOwiAQRe_C2hCHAgWX7j0DGZhBqgaS0q6MdzckXej2v_f-WwTctxL2zmtYSFwEiNPvFjE9uQ5AD6z3JlOr27pEORR50C5vjfh1Pdy_g4K9jJoVMCNEG1FHNkScz6iz9eCd81p5mFmp7IA1T4asxpkc-smCsZRYfL4Kijhy:1vJxDi:ncVitdRJdX477dlqcX2vjlpwr-WD12-NaU7XyXJQiak','2025-11-28 17:04:22.373572');
INSERT INTO django_session VALUES('0prqf73ezsnac8u52uzbkh42s2bzuk2k','.eJxVjEEOwiAQRe_C2hCHAgWX7j0DGZhBqgaS0q6MdzckXej2v_f-WwTctxL2zmtYSFwEiNPvFjE9uQ5AD6z3JlOr27pEORR50C5vjfh1Pdy_g4K9jJoVMCNEG1FHNkScz6iz9eCd81p5mFmp7IA1T4asxpkc-smCsZRYfL4Kijhy:1vLNFz:b9MeTqmMrW02tKI9YoFiuS7TgWzG10xATwZ1HCj3yNc','2025-12-02 15:04:35.343649');
CREATE TABLE IF NOT EXISTS "simulations_simulationconfiguration" ("id" integer NOT NULL PRIMARY KEY AUTOINCREMENT, "simulation_type" varchar(20) NOT NULL, "name" varchar(100) NOT NULL, "config_data" text NOT NULL CHECK ((JSON_VALID("config_data") OR "config_data" IS NULL)), "created_at" datetime NOT NULL, "updated_at" datetime NOT NULL, "is_favorite" bool NOT NULL, "user_id" bigint NOT NULL REFERENCES "auth_user" ("id") DEFERRABLE INITIALLY DEFERRED);
INSERT INTO simulations_simulationconfiguration VALUES(4,'trigonometry','Sine Wave + tan wave','{"name": "Sine Wave + tan wave", "x_min": -6.283185307179586, "x_max": 6.283185307179586, "points": 500, "functions": [{"type": "tan", "amplitude": 1, "frequency": 2.5, "phase": 0, "color": "#4f46e5", "visible": true}, {"type": "sin", "amplitude": 1, "frequency": 1, "phase": 0, "color": "#b1236f", "visible": true}]}','2025-11-14 23:14:22.335713','2025-11-14 23:14:26.792345',1,3);
INSERT INTO simulations_simulationconfiguration VALUES(5,'trigonometry','Default Sine Wave','{"name": "Default Sine Wave", "x_min": -6.283185307179586, "x_max": 6.283185307179586, "points": 500, "functions": [{"type": "sin", "amplitude": 1, "frequency": 1, "phase": 0, "color": "#4f46e5", "visible": true}]}','2025-11-14 23:14:58.210477','2025-11-14 23:14:58.210501',0,3);
INSERT INTO simulations_simulationconfiguration VALUES(6,'trigonometry','Sine Wave + tan wave updated','{"name": "Sine Wave + tan wave updated", "x_min": -6.283185307179586, "x_max": 6.283185307179586, "points": 500, "functions": [{"type": "tan", "amplitude": 1, "frequency": 2.5, "phase": 0, "color": "#4f46e5", "visible": true}, {"type": "sin", "amplitude": 1, "frequency": 1, "phase": 61.4, "color": "#b1236f", "visible": true}]}','2025-11-15 00:06:30.011370','2025-11-15 00:06:35.445328',1,3);
INSERT INTO simulations_simulationconfiguration VALUES(7,'trigonometry','Sine Wave + tan wave updated 2.0','{"name": "Sine Wave + tan wave updated 2.0", "x_min": -6.283185307179586, "x_max": 6.283185307179586, "points": 500, "functions": [{"type": "tan", "amplitude": 0.7, "frequency": 10, "phase": 43.5, "color": "#4f46e5", "visible": true}, {"type": "sin", "amplitude": 1, "frequency": 1, "phase": 61.4, "color": "#b1236f", "visible": true}]}','2025-11-15 00:13:15.639031','2025-11-15 00:13:20.067952',1,3);
CREATE TABLE IF NOT EXISTS "simulations_simulationfunction" ("id" integer NOT NULL PRIMARY KEY AUTOINCREMENT, "function_type" varchar(10) NOT NULL, "expression" text NULL, "amplitude" real NOT NULL, "frequency" real NOT NULL, "phase" real NOT NULL, "color" varchar(7) NOT NULL, "visible" bool NOT NULL, "order" integer NOT NULL, "parameters" text NOT NULL CHECK ((JSON_VALID("parameters") OR "parameters" IS NULL)), "configuration_id" bigint NOT NULL REFERENCES "simulations_simulationconfiguration" ("id") DEFERRABLE INITIALLY DEFERRED);
INSERT INTO simulations_simulationfunction VALUES(4,'tan',NULL,1.0,2.5,0.0,'#4f46e5',1,0,'{}',4);
INSERT INTO simulations_simulationfunction VALUES(6,'sin',NULL,1.0,1.0,0.0,'#4f46e5',1,0,'{}',5);
INSERT INTO simulations_simulationfunction VALUES(7,'tan',NULL,1.0,2.5,0.0,'#4f46e5',1,0,'{}',6);
INSERT INTO simulations_simulationfunction VALUES(8,'sin',NULL,1.0,1.0,61.3999999999999985,'#b1236f',1,1,'{}',6);
INSERT INTO simulations_simulationfunction VALUES(9,'tan',NULL,0.699999999999999955,10.0,43.5,'#4f46e5',1,0,'{}',7);
INSERT INTO simulations_simulationfunction VALUES(10,'sin',NULL,1.0,1.0,61.3999999999999985,'#b1236f',1,1,'{}',7);
DELETE FROM sqlite_sequence;
INSERT INTO sqlite_sequence VALUES('django_migrations',20);
INSERT INTO sqlite_sequence VALUES('django_content_type',8);
INSERT INTO sqlite_sequence VALUES('auth_permission',32);
INSERT INTO sqlite_sequence VALUES('auth_group',0);
INSERT INTO sqlite_sequence VALUES('django_admin_log',2);
INSERT INTO sqlite_sequence VALUES('auth_user',3);
INSERT INTO sqlite_sequence VALUES('simulations_simulationconfiguration',7);
INSERT INTO sqlite_sequence VALUES('simulations_simulationfunction',10);
CREATE UNIQUE INDEX "django_content_type_app_label_model_76bd3d3b_uniq" ON "django_content_type" ("app_label", "model");
CREATE UNIQUE INDEX "auth_group_permissions_group_id_permission_id_0cd325b0_uniq" ON "auth_group_permissions" ("group_id", "permission_id");
CREATE INDEX "auth_group_permissions_group_id_b120cbf9" ON "auth_group_permissions" ("group_id");
CREATE INDEX "auth_group_permissions_permission_id_84c5c92e" ON "auth_group_permissions" ("permission_id");
CREATE UNIQUE INDEX "auth_permission_content_type_id_codename_01ab375a_uniq" ON "auth_permission" ("content_type_id", "codename");
CREATE INDEX "auth_permission_content_type_id_2f476e4b" ON "auth_permission" ("content_type_id");
CREATE UNIQUE INDEX "auth_user_groups_customuser_id_group_id_3c656da4_uniq" ON "auth_user_groups" ("customuser_id", "group_id");
CREATE INDEX "auth_user_groups_customuser_id_62675d7c" ON "auth_user_groups" ("customuser_id");
CREATE INDEX "auth_user_groups_group_id_97559544" ON "auth_user_groups" ("group_id");
CREATE UNIQUE INDEX "auth_user_user_permissions_customuser_id_permission_id_f01ff6bf_uniq" ON "auth_user_user_permissions" ("customuser_id", "permission_id");
CREATE INDEX "auth_user_user_permissions_customuser_id_843d9bac" ON "auth_user_user_permissions" ("customuser_id");
CREATE INDEX "auth_user_user_permissions_permission_id_1fbb5f2c" ON "auth_user_user_permissions" ("permission_id");
CREATE INDEX "django_admin_log_content_type_id_c4bce8eb" ON "django_admin_log" ("content_type_id");
CREATE INDEX "django_admin_log_user_id_c564eba6" ON "django_admin_log" ("user_id");
CREATE INDEX "django_session_expire_date_a5c62663" ON "django_session" ("expire_date");
CREATE UNIQUE INDEX "simulations_simulationconfiguration_user_id_simulation_type_name_b078c06e_uniq" ON "simulations_simulationconfiguration" ("user_id", "simulation_type", "name");
CREATE INDEX "simulations_simulationconfiguration_user_id_2f2248eb" ON "simulations_simulationconfiguration" ("user_id");
CREATE INDEX "simulations_simulationfunction_configuration_id_7c9da672" ON "simulations_simulationfunction" ("configuration_id");
COMMIT;
